image_name,expected_label,predicted_label,confidence
12718__30078__amoxicillin__100.png,amoxicillin,amoxicillin,0.9999661445617676
12702__31738__amoxicillin__100.png,amoxicillin,amoxicillin,0.9943249821662903
12661__35862__amoxicillin__100.png,amoxicillin,amoxicillin,0.9998964071273804
12605__29771__amoxicillin__100.png,amoxicillin,amoxicillin,0.9999871253967285
12469__31779__amoxicillin__100.png,amoxicillin,amoxicillin,0.9999229907989502
12465__31778__amoxicillin__100.png,amoxicillin,amoxicillin,0.9999420642852783
12332__32299__amoxicillin__100.png,amoxicillin,amoxicillin,0.9999940395355225
12191__35366__amoxicillin__100.png,amoxicillin,amoxicillin,0.9999163150787354
12187__31683__amoxicillin__100.png,amoxicillin,amoxicillin,0.9954752326011658
12178__31744__amoxicillin__100.png,amoxicillin,amoxicillin,0.9999889135360718
12134__33189__amoxicillin__100.png,amoxicillin,amoxicillin,0.9998069405555725
12128__33201__amoxicillin__100.png,amoxicillin,amoxicillin,0.9973739385604858
12122__33205__amoxicillin__100.png,amoxicillin,amoxicillin,0.9964421391487122
12095__30342__amoxicillin__100.png,amoxicillin,amoxicillin,0.9999881982803345
11920__30503__amoxicillin__100.png,amoxicillin,amoxicillin,0.9996410608291626
11849__35578__amoxicillin__100.png,amoxicillin,amoxicillin,0.8685365915298462
11803__32646__amoxicillin__100.png,amoxicillin,amoxicillin,0.9984259605407715
11789__36241__amoxicillin__100.png,amoxicillin,amoxicillin,0.9568237662315369
11706__34744__amoxicillin__100.png,amoxicillin,amoxicillin,0.9996480941772461
11651__34297__amoxicillin__100.png,amoxicillin,amoxicillin,0.9997864365577698
11644__36230__amoxicillin__100.png,amoxicillin,amoxicillin,0.9999891519546509
11642__35022__amoxicillin__100.png,amoxicillin,amoxicillin,0.9999756813049316
11581__33782__amoxicillin__100.png,amoxicillin,amoxicillin,0.9998514652252197
11577__33783__amoxicillin__100.png,amoxicillin,amoxicillin,0.9997246861457825
11516__34723__amoxicillin__100.png,amoxicillin,amoxicillin,0.9999964237213135
11397__33804__amoxicillin__100.png,amoxicillin,amoxicillin,0.9999948740005493
11302__34582__amoxicillin__100.png,amoxicillin,amoxicillin,0.9670958518981934
11297__34487__amoxicillin__100.png,amoxicillin,amoxicillin,0.9976794123649597
11273__34523__amoxicillin__100.png,amoxicillin,amoxicillin,0.9998416900634766
11236__34247__amoxicillin__100.png,amoxicillin,amoxicillin,0.9999961853027344
11069__36032__amoxicillin__100.png,amoxicillin,amoxicillin,0.9998880624771118
11054__32725__amoxicillin__100.png,amoxicillin,amoxicillin,0.9999653100967407
10968__34056__amoxicillin__100.png,amoxicillin,amoxicillin,0.9999871253967285
10879__34986__amoxicillin__100.png,amoxicillin,amoxicillin,0.9888455271720886
10868__34977__amoxicillin__100.png,amoxicillin,amoxicillin,0.9994075298309326
10844__32449__amoxicillin__100.png,amoxicillin,amoxicillin,0.9999129772186279
10836__32450__amoxicillin__100.png,amoxicillin,amoxicillin,0.9998716115951538
10815__32451__amoxicillin__100.png,amoxicillin,amoxicillin,0.999503493309021
10651__32473__amoxicillin__100.png,amoxicillin,amoxicillin,0.9999080896377563
10639__32474__amoxicillin__100.png,amoxicillin,amoxicillin,0.9997325539588928
10617__31836__amoxicillin__100.png,amoxicillin,amoxicillin,0.9999291896820068
10589__31887__amoxicillin__100.png,amoxicillin,amoxicillin,0.9998667240142822
10522__29407__amoxicillin__100.png,amoxicillin,amoxicillin,0.9999858140945435
10423__30144__amoxicillin__100.png,amoxicillin,amoxicillin,0.9975946545600891
10328__30175__amoxicillin__100.png,amoxicillin,amoxicillin,0.9999797344207764
10139__32087__amoxicillin__100.png,amoxicillin,amoxicillin,0.9998213648796082
10056__34649__amoxicillin__100.png,amoxicillin,amoxicillin,0.999387264251709
10055__34643__amoxicillin__100.png,amoxicillin,amoxicillin,0.9993715882301331
10017__31998__amoxicillin__100.png,amoxicillin,amoxicillin,0.9982460737228394
9943__32877__amoxicillin__100.png,amoxicillin,amoxicillin,0.9930742979049683
9902__33618__amoxicillin__100.png,amoxicillin,amoxicillin,0.99998939037323
9738__34381__amoxicillin__100.png,amoxicillin,amoxicillin,0.9999788999557495
9721__34372__amoxicillin__100.png,amoxicillin,amoxicillin,0.999994158744812
9708__34100__amoxicillin__100.png,amoxicillin,amoxicillin,0.9945821166038513
9667__34103__amoxicillin__100.png,amoxicillin,amoxicillin,0.9999463558197021
9600__32570__amoxicillin__100.png,amoxicillin,amoxicillin,0.9998838901519775
9507__32676__amoxicillin__100.png,amoxicillin,amoxicillin,0.9952831864356995
9472__33875__amoxicillin__100.png,amoxicillin,amoxicillin,0.9996153116226196
9471__33876__amoxicillin__100.png,amoxicillin,amoxicillin,0.9922459721565247
12707__30057__benzyl-penicillin__100.png,benzyl-penicillin,benzyl-penicillin,0.998738706111908
12679__35873__benzyl-penicillin__100.png,benzyl-penicillin,benzyl-penicillin,0.9997885823249817
12613__35519__benzyl-penicillin__100.png,benzyl-penicillin,benzyl-penicillin,0.9999525547027588
12548__34235__benzyl-penicillin__100.png,benzyl-penicillin,benzyl-penicillin,0.9999806880950928
12546__33744__benzyl-penicillin__100.png,benzyl-penicillin,benzyl-penicillin,0.9996041655540466
12529__34011__benzyl-penicillin__100.png,benzyl-penicillin,benzyl-penicillin,0.9999723434448242
12518__33747__benzyl-penicillin__100.png,benzyl-penicillin,benzyl-penicillin,0.9998223185539246
12431__30273__benzyl-penicillin__100.png,benzyl-penicillin,benzyl-penicillin,0.9999717473983765
12427__30281__benzyl-penicillin__100.png,benzyl-penicillin,benzyl-penicillin,0.9999822378158569
12340__30797__benzyl-penicillin__100.png,benzyl-penicillin,benzyl-penicillin,0.999963641166687
12338__34318__benzyl-penicillin__100.png,benzyl-penicillin,benzyl-penicillin,0.9997386336326599
12300__30795__benzyl-penicillin__100.png,benzyl-penicillin,benzyl-penicillin,0.9998781681060791
12296__30799__benzyl-penicillin__100.png,benzyl-penicillin,benzyl-penicillin,0.999985933303833
12278__34308__benzyl-penicillin__100.png,benzyl-penicillin,benzyl-penicillin,0.9999710321426392
12252__31625__benzyl-penicillin__100.png,benzyl-penicillin,benzyl-penicillin,0.9999305009841919
12194__31684__benzyl-penicillin__100.png,benzyl-penicillin,benzyl-penicillin,0.9999653100967407
12165__35352__benzyl-penicillin__100.png,benzyl-penicillin,benzyl-penicillin,0.999588668346405
12143__30113__benzyl-penicillin__100.png,benzyl-penicillin,benzyl-penicillin,0.9999568462371826
12107__34888__benzyl-penicillin__100.png,benzyl-penicillin,benzyl-penicillin,0.9999099969863892
12004__32959__benzyl-penicillin__100.png,benzyl-penicillin,benzyl-penicillin,0.9999202489852905
11754__32731__benzyl-penicillin__100.png,benzyl-penicillin,benzyl-penicillin,0.9999711513519287
11745__36256__benzyl-penicillin__100.png,benzyl-penicillin,benzyl-penicillin,0.9900988936424255
11738__30025__benzyl-penicillin__100.png,benzyl-penicillin,benzyl-penicillin,0.9997157454490662
11715__30027__benzyl-penicillin__100.png,benzyl-penicillin,benzyl-penicillin,0.9943324327468872
11714__30029__benzyl-penicillin__100.png,benzyl-penicillin,benzyl-penicillin,0.9999401569366455
11622__32588__benzyl-penicillin__100.png,benzyl-penicillin,benzyl-penicillin,0.9999840259552002
11564__34944__benzyl-penicillin__100.png,benzyl-penicillin,benzyl-penicillin,0.9995421171188354
11541__34947__benzyl-penicillin__100.png,benzyl-penicillin,benzyl-penicillin,0.9990901947021484
11436__34831__benzyl-penicillin__100.png,benzyl-penicillin,benzyl-penicillin,0.9999212026596069
11412__33904__benzyl-penicillin__100.png,benzyl-penicillin,benzyl-penicillin,0.999904990196228
11255__34538__benzyl-penicillin__100.png,benzyl-penicillin,benzyl-penicillin,0.9998964071273804
11252__34525__benzyl-penicillin__100.png,benzyl-penicillin,benzyl-penicillin,0.9998998641967773
11212__30098__benzyl-penicillin__100.png,benzyl-penicillin,benzyl-penicillin,0.9999725818634033
11189__35036__benzyl-penicillin__100.png,benzyl-penicillin,benzyl-penicillin,0.9999048709869385
11091__35452__benzyl-penicillin__100.png,benzyl-penicillin,benzyl-penicillin,0.9989493489265442
11065__36000__benzyl-penicillin__100.png,benzyl-penicillin,benzyl-penicillin,0.9986171722412109
11018__35552__benzyl-penicillin__100.png,benzyl-penicillin,benzyl-penicillin,0.9999300241470337
10964__35544__benzyl-penicillin__100.png,benzyl-penicillin,benzyl-penicillin,0.5437260270118713
10950__35540__benzyl-penicillin__100.png,benzyl-penicillin,benzyl-penicillin,0.9996774196624756
10921__35563__benzyl-penicillin__100.png,benzyl-penicillin,benzyl-penicillin,0.9999774694442749
10895__34823__benzyl-penicillin__100.png,benzyl-penicillin,benzyl-penicillin,0.9999697208404541
10881__34866__benzyl-penicillin__100.png,benzyl-penicillin,benzyl-penicillin,0.9747908115386963
10830__34594__benzyl-penicillin__100.png,benzyl-penicillin,benzyl-penicillin,0.9998156428337097
10782__33681__benzyl-penicillin__100.png,benzyl-penicillin,benzyl-penicillin,0.9999629259109497
10769__35098__benzyl-penicillin__100.png,benzyl-penicillin,benzyl-penicillin,0.9998852014541626
10761__35101__benzyl-penicillin__100.png,benzyl-penicillin,benzyl-penicillin,0.9999521970748901
10457__30438__benzyl-penicillin__100.png,benzyl-penicillin,benzyl-penicillin,0.9999521970748901
10429__30010__benzyl-penicillin__100.png,benzyl-penicillin,benzyl-penicillin,0.9990756511688232
10421__30437__benzyl-penicillin__100.png,benzyl-penicillin,benzyl-penicillin,0.9999203681945801
10389__32229__benzyl-penicillin__100.png,benzyl-penicillin,benzyl-penicillin,0.9999755620956421
10363__32421__benzyl-penicillin__100.png,benzyl-penicillin,benzyl-penicillin,0.9999821186065674
10310__32346__benzyl-penicillin__100.png,benzyl-penicillin,benzyl-penicillin,0.9999508857727051
10216__31892__benzyl-penicillin__100.png,benzyl-penicillin,benzyl-penicillin,0.9999504089355469
10187__34018__benzyl-penicillin__100.png,benzyl-penicillin,benzyl-penicillin,0.9998970031738281
10128__30022__benzyl-penicillin__100.png,benzyl-penicillin,benzyl-penicillin,0.999931812286377
10100__30160__benzyl-penicillin__100.png,benzyl-penicillin,benzyl-penicillin,0.9999831914901733
10026__32014__benzyl-penicillin__100.png,benzyl-penicillin,benzyl-penicillin,0.9998396635055542
9886__34795__benzyl-penicillin__100.png,benzyl-penicillin,benzyl-penicillin,0.99997878074646
9863__34399__benzyl-penicillin__100.png,benzyl-penicillin,benzyl-penicillin,0.9999673366546631
9856__34546__benzyl-penicillin__100.png,benzyl-penicillin,benzyl-penicillin,0.9998961687088013
9824__34741__benzyl-penicillin__100.png,benzyl-penicillin,benzyl-penicillin,0.9998829364776611
9821__34742__benzyl-penicillin__100.png,benzyl-penicillin,benzyl-penicillin,0.9999678134918213
9677__34924__benzyl-penicillin__100.png,benzyl-penicillin,benzyl-penicillin,0.9999692440032959
9470__35431__benzyl-penicillin__100.png,benzyl-penicillin,penicillin-procaine,0.5096993446350098
12734__31728__cellulose__100.png,cellulose,lactose,0.9021614193916321
12705__30267__cellulose__100.png,cellulose,cellulose,0.791381299495697
12609__36331__cellulose__100.png,cellulose,cellulose,0.9881885647773743
12515__34227__cellulose__100.png,cellulose,cellulose,0.9370789527893066
12507__34237__cellulose__100.png,cellulose,cellulose,0.9907936453819275
12488__35525__cellulose__100.png,cellulose,cellulose,0.7321484684944153
12418__30297__cellulose__100.png,cellulose,cellulose,0.9580193161964417
12124__34134__cellulose__100.png,cellulose,cellulose,0.3736262023448944
12075__30405__cellulose__100.png,cellulose,lactose,0.9510743618011475
12064__30407__cellulose__100.png,cellulose,cellulose,0.5339081287384033
11999__30419__cellulose__100.png,cellulose,cellulose,0.9257832169532776
11946__32790__cellulose__100.png,cellulose,cellulose,0.8946224451065063
11937__30507__cellulose__100.png,cellulose,cellulose,0.9951991438865662
11909__32521__cellulose__100.png,cellulose,vitamin-c,0.5780468583106995
11627__32274__cellulose__100.png,cellulose,cellulose,0.9889610409736633
11511__34759__cellulose__100.png,cellulose,cellulose,0.9044344425201416
11051__36038__cellulose__100.png,cellulose,cellulose,0.9905956983566284
10926__32409__cellulose__100.png,cellulose,penicillin-procaine,0.9715192317962646
10878__34984__cellulose__100.png,cellulose,cellulose,0.9901143312454224
10873__34991__cellulose__100.png,cellulose,cellulose,0.7872973084449768
10784__33709__cellulose__100.png,cellulose,cellulose,0.9719401001930237
10695__36227__cellulose__100.png,cellulose,cellulose,0.9960796236991882
10674__32894__cellulose__100.png,cellulose,cellulose,0.958928108215332
10665__31785__cellulose__100.png,cellulose,cellulose,0.900720477104187
10635__30530__cellulose__100.png,cellulose,cellulose,0.923923671245575
10624__31885__cellulose__100.png,cellulose,cellulose,0.8282697200775146
10609__31868__cellulose__100.png,cellulose,cellulose,0.993884265422821
10606__30581__cellulose__100.png,cellulose,cellulose,0.9856405258178711
10568__30167__cellulose__100.png,cellulose,lactose,0.5040110945701599
10545__35111__cellulose__100.png,cellulose,cellulose,0.834117591381073
10539__35412__cellulose__100.png,cellulose,cellulose,0.9590301513671875
10535__30043__cellulose__100.png,cellulose,penicillin-procaine,0.6481389403343201
10504__35154__cellulose__100.png,cellulose,lactose,0.9516818523406982
10481__34273__cellulose__100.png,cellulose,cellulose,0.9098412394523621
10275__35769__cellulose__100.png,cellulose,cellulose,0.716602087020874
9875__33606__cellulose__100.png,cellulose,cellulose,0.9809203147888184
9757__35400__cellulose__100.png,cellulose,lactose,0.9386805891990662
9754__34371__cellulose__100.png,cellulose,cellulose,0.9531227946281433
9736__34382__cellulose__100.png,cellulose,cellulose,0.9802093505859375
9710__34942__cellulose__100.png,cellulose,lactose,0.5024802684783936
9641__31667__cellulose__100.png,cellulose,lactose,0.9899999499320984
9587__33873__cellulose__100.png,cellulose,lactose,0.9096948504447937
9549__32623__cellulose__100.png,cellulose,cellulose,0.5204483866691589
12733__29739__lactose__100.png,lactose,lactose,0.9258356690406799
12649__30130__lactose__100.png,lactose,cellulose,0.7711544632911682
12583__29805__lactose__100.png,lactose,lactose,0.959627091884613
12523__34238__lactose__100.png,lactose,lactose,0.9866330623626709
12428__34175__lactose__100.png,lactose,lactose,0.6191577315330505
12397__34166__lactose__100.png,lactose,lactose,0.5840818285942078
12384__32071__lactose__100.png,lactose,lactose,0.5132861733436584
12344__34314__lactose__100.png,lactose,lactose,0.9895439147949219
12320__30486__lactose__100.png,lactose,cellulose,0.6423762440681458
12151__33200__lactose__100.png,lactose,lactose,0.9949754476547241
12139__30109__lactose__100.png,lactose,lactose,0.996604323387146
12129__33206__lactose__100.png,lactose,lactose,0.8056371212005615
12022__35307__lactose__100.png,lactose,lactose,0.9979912042617798
11996__31775__lactose__100.png,lactose,lactose,0.9382831454277039
11942__30513__lactose__100.png,lactose,lactose,0.49882078170776367
11857__30312__lactose__100.png,lactose,lactose,0.9994391798973083
11844__35595__lactose__100.png,lactose,cellulose,0.6799889802932739
11758__32825__lactose__100.png,lactose,lactose,0.7255553603172302
11540__34961__lactose__100.png,lactose,cellulose,0.7802472114562988
11446__32186__lactose__100.png,lactose,lactose,0.9070661664009094
11383__33757__lactose__100.png,lactose,cellulose,0.7878747582435608
11199__30527__lactose__100.png,lactose,lactose,0.9971283078193665
11093__33644__lactose__100.png,lactose,lactose,0.7264257669448853
11004__35549__lactose__100.png,lactose,cellulose,0.6610466241836548
10953__35539__lactose__100.png,lactose,cellulose,0.7674692273139954
10923__34045__lactose__100.png,lactose,lactose,0.6521905064582825
10896__34873__lactose__100.png,lactose,lactose,0.7408954501152039
10840__34877__lactose__100.png,lactose,benzyl-penicillin,0.8645241260528564
10715__29786__lactose__100.png,lactose,lactose,0.9474169611930847
10714__32266__lactose__100.png,lactose,lactose,0.545830488204956
10656__32472__lactose__100.png,lactose,lactose,0.8950013518333435
10380__35468__lactose__100.png,lactose,lactose,0.9885651469230652
10339__32259__lactose__100.png,lactose,lactose,0.9827367067337036
10311__30179__lactose__100.png,lactose,lactose,0.9871740341186523
9984__33859__lactose__100.png,lactose,lactose,0.9978195428848267
9920__33609__lactose__100.png,lactose,lactose,0.9928996562957764
9915__33671__lactose__100.png,lactose,lactose,0.9795221090316772
9898__33620__lactose__100.png,lactose,lactose,0.7211362719535828
9865__35749__lactose__100.png,lactose,lactose,0.9995059967041016
9744__35374__lactose__100.png,lactose,lactose,0.994881272315979
9739__35331__lactose__100.png,lactose,lactose,0.9766438603401184
9689__34087__lactose__100.png,lactose,cellulose,0.5362722277641296
9665__34916__lactose__100.png,lactose,lactose,0.9874776601791382
9642__33973__lactose__100.png,lactose,lactose,0.9821338057518005
9638__33982__lactose__100.png,lactose,lactose,0.9126924872398376
12724__29919__paracetamol__100.png,paracetamol,paracetamol,0.9997664093971252
12656__29873__paracetamol__100.png,paracetamol,paracetamol,0.9997789263725281
12541__33989__paracetamol__100.png,paracetamol,paracetamol,0.9838113188743591
12506__34002__paracetamol__100.png,paracetamol,paracetamol,0.9997585415840149
12498__31833__paracetamol__100.png,paracetamol,paracetamol,0.9984844326972961
12425__30299__paracetamol__100.png,paracetamol,paracetamol,0.9998233914375305
12347__32047__paracetamol__100.png,paracetamol,paracetamol,0.9989963173866272
12253__32298__paracetamol__100.png,paracetamol,paracetamol,0.9989535808563232
12209__31753__paracetamol__100.png,paracetamol,paracetamol,0.9654931426048279
12188__35228__paracetamol__100.png,paracetamol,paracetamol,0.9936562180519104
12100__30403__paracetamol__100.png,paracetamol,paracetamol,0.9897380471229553
12076__30351__paracetamol__100.png,paracetamol,paracetamol,0.9998779296875
12007__34854__paracetamol__100.png,paracetamol,paracetamol,0.9933464527130127
11882__35590__paracetamol__100.png,paracetamol,paracetamol,0.99985671043396
11872__30248__paracetamol__100.png,paracetamol,paracetamol,0.991415798664093
11827__31935__paracetamol__100.png,paracetamol,paracetamol,0.9442872405052185
11774__36263__paracetamol__100.png,paracetamol,paracetamol,0.7689220309257507
11759__36261__paracetamol__100.png,paracetamol,quinine,0.6553435921669006
11724__32911__paracetamol__100.png,paracetamol,paracetamol,0.9999673366546631
11671__36214__paracetamol__100.png,paracetamol,paracetamol,0.9996849298477173
11670__36208__paracetamol__100.png,paracetamol,paracetamol,0.9977655410766602
11654__34290__paracetamol__100.png,paracetamol,paracetamol,0.9993463158607483
11616__35000__paracetamol__100.png,paracetamol,paracetamol,0.9997476935386658
11502__32092__paracetamol__100.png,paracetamol,paracetamol,0.9468167424201965
11489__32094__paracetamol__100.png,paracetamol,paracetamol,0.8733614683151245
11485__32097__paracetamol__100.png,paracetamol,paracetamol,0.9851444959640503
11465__32196__paracetamol__100.png,paracetamol,paracetamol,0.9761121273040771
11445__32187__paracetamol__100.png,paracetamol,paracetamol,0.9998691082000732
11415__33915__paracetamol__100.png,paracetamol,paracetamol,0.9683669209480286
11414__33949__paracetamol__100.png,paracetamol,paracetamol,0.9998977184295654
11335__34604__paracetamol__100.png,paracetamol,paracetamol,0.9935543537139893
11267__34904__paracetamol__100.png,paracetamol,paracetamol,0.9984028935432434
11266__34863__paracetamol__100.png,paracetamol,paracetamol,0.9978645443916321
11224__30522__paracetamol__100.png,paracetamol,paracetamol,0.9819023609161377
11197__34254__paracetamol__100.png,paracetamol,paracetamol,0.9997995495796204
11171__34732__paracetamol__100.png,paracetamol,paracetamol,0.9990091323852539
11064__36014__paracetamol__100.png,paracetamol,paracetamol,0.9842239022254944
11057__32721__paracetamol__100.png,paracetamol,paracetamol,0.9987024068832397
10954__32429__paracetamol__100.png,paracetamol,paracetamol,0.999800980091095
10949__32949__paracetamol__100.png,paracetamol,paracetamol,0.9994381070137024
10925__32426__paracetamol__100.png,paracetamol,paracetamol,0.9987249970436096
10718__36205__paracetamol__100.png,paracetamol,paracetamol,0.9994074106216431
10698__36206__paracetamol__100.png,paracetamol,paracetamol,0.9994444251060486
10631__31780__paracetamol__100.png,paracetamol,paracetamol,0.9971966743469238
10596__31883__paracetamol__100.png,paracetamol,paracetamol,0.9997351765632629
10532__30080__paracetamol__100.png,paracetamol,paracetamol,0.9998643398284912
10309__32312__paracetamol__100.png,paracetamol,paracetamol,0.9999693632125854
10306__35778__paracetamol__100.png,paracetamol,paracetamol,0.9985597729682922
10203__35696__paracetamol__100.png,paracetamol,paracetamol,0.9999732971191406
10190__35044__paracetamol__100.png,paracetamol,paracetamol,0.9995519518852234
10156__35046__paracetamol__100.png,paracetamol,paracetamol,0.9998910427093506
10136__29686__paracetamol__100.png,paracetamol,paracetamol,0.9999617338180542
10042__35369__paracetamol__100.png,paracetamol,paracetamol,0.9951252341270447
9975__32414__paracetamol__100.png,paracetamol,paracetamol,0.9999397993087769
9899__34478__paracetamol__100.png,paracetamol,paracetamol,0.9990823268890381
9895__34415__paracetamol__100.png,paracetamol,paracetamol,0.9789273738861084
9889__34627__paracetamol__100.png,paracetamol,paracetamol,0.9995181560516357
9801__35726__paracetamol__100.png,paracetamol,paracetamol,0.9993200302124023
9797__35607__paracetamol__100.png,paracetamol,paracetamol,0.9995263814926147
9700__34081__paracetamol__100.png,paracetamol,paracetamol,0.9847450852394104
9699__34430__paracetamol__100.png,paracetamol,paracetamol,0.9994868040084839
9695__34429__paracetamol__100.png,paracetamol,paracetamol,0.9981604218482971
9693__34080__paracetamol__100.png,paracetamol,paracetamol,0.998863697052002
9692__34431__paracetamol__100.png,paracetamol,paracetamol,0.9994064569473267
9552__33874__paracetamol__100.png,paracetamol,paracetamol,0.9996612071990967
12639__30131__paracetamol-starch__100.png,paracetamol-starch,paracetamol-starch,0.9999828338623047
12597__35534__paracetamol-starch__100.png,paracetamol-starch,paracetamol-starch,0.9973624348640442
12519__33998__paracetamol-starch__100.png,paracetamol-starch,paracetamol-starch,0.9994245767593384
12329__30494__paracetamol-starch__100.png,paracetamol-starch,paracetamol-starch,0.9993959665298462
12313__31621__paracetamol-starch__100.png,paracetamol-starch,paracetamol-starch,0.9626224637031555
12312__34311__paracetamol-starch__100.png,paracetamol-starch,paracetamol-starch,0.811771810054779
12301__32067__paracetamol-starch__100.png,paracetamol-starch,paracetamol-starch,0.9581463932991028
12072__34896__paracetamol-starch__100.png,paracetamol-starch,paracetamol-starch,0.9936781525611877
11961__30412__paracetamol-starch__100.png,paracetamol-starch,paracetamol-starch,0.9986056685447693
11834__32331__paracetamol-starch__100.png,paracetamol-starch,paracetamol-starch,0.9991856217384338
11257__34906__paracetamol-starch__100.png,paracetamol-starch,paracetamol-starch,0.9976165294647217
11188__31694__paracetamol-starch__100.png,paracetamol-starch,lactose,0.7318562865257263
10942__32424__paracetamol-starch__100.png,paracetamol-starch,paracetamol-starch,0.9999830722808838
10659__32475__paracetamol-starch__100.png,paracetamol-starch,paracetamol-starch,0.9998871088027954
10652__30575__paracetamol-starch__100.png,paracetamol-starch,paracetamol-starch,0.9999407529830933
10542__29400__paracetamol-starch__100.png,paracetamol-starch,paracetamol-starch,0.9999951124191284
10483__35157__paracetamol-starch__100.png,paracetamol-starch,paracetamol-starch,0.9999697208404541
10450__30015__paracetamol-starch__100.png,paracetamol-starch,paracetamol-starch,0.9999829530715942
10146__31628__paracetamol-starch__100.png,paracetamol-starch,paracetamol-starch,0.9061889052391052
9730__35373__paracetamol-starch__100.png,paracetamol-starch,starch,0.9251201152801514
9536__30773__paracetamol-starch__100.png,paracetamol-starch,paracetamol-starch,0.9980552196502686
9491__35896__paracetamol-starch__100.png,paracetamol-starch,paracetamol-starch,0.9999769926071167
12721__29934__penicillin-procaine__100.png,penicillin-procaine,benzyl-penicillin,0.956432044506073
12691__29935__penicillin-procaine__100.png,penicillin-procaine,penicillin-procaine,0.9990187883377075
12628__29804__penicillin-procaine__100.png,penicillin-procaine,penicillin-procaine,0.9211518168449402
12494__35520__penicillin-procaine__100.png,penicillin-procaine,penicillin-procaine,0.9954078793525696
12473__29769__penicillin-procaine__100.png,penicillin-procaine,penicillin-procaine,0.9954333901405334
12451__35527__penicillin-procaine__100.png,penicillin-procaine,penicillin-procaine,0.9999470710754395
12361__29828__penicillin-procaine__100.png,penicillin-procaine,penicillin-procaine,0.9998332262039185
12355__30492__penicillin-procaine__100.png,penicillin-procaine,penicillin-procaine,0.999809205532074
12339__35295__penicillin-procaine__100.png,penicillin-procaine,penicillin-procaine,0.9998350143432617
12285__32068__penicillin-procaine__100.png,penicillin-procaine,penicillin-procaine,0.9999485015869141
12244__30484__penicillin-procaine__100.png,penicillin-procaine,penicillin-procaine,0.9976688027381897
12160__30108__penicillin-procaine__100.png,penicillin-procaine,penicillin-procaine,0.9954171180725098
12158__30112__penicillin-procaine__100.png,penicillin-procaine,penicillin-procaine,0.9846900701522827
12118__30099__penicillin-procaine__100.png,penicillin-procaine,penicillin-procaine,0.9714095592498779
12113__30117__penicillin-procaine__100.png,penicillin-procaine,penicillin-procaine,0.9951445460319519
12032__35209__penicillin-procaine__100.png,penicillin-procaine,penicillin-procaine,0.9952390193939209
12030__35211__penicillin-procaine__100.png,penicillin-procaine,penicillin-procaine,0.7109631896018982
11891__30246__penicillin-procaine__100.png,penicillin-procaine,penicillin-procaine,0.9998862743377686
11799__32329__penicillin-procaine__100.png,penicillin-procaine,penicillin-procaine,0.999754011631012
11792__36240__penicillin-procaine__100.png,penicillin-procaine,penicillin-procaine,0.9998792409896851
11771__36260__penicillin-procaine__100.png,penicillin-procaine,penicillin-procaine,0.9999009370803833
11737__34746__penicillin-procaine__100.png,penicillin-procaine,benzyl-penicillin,0.9995397329330444
11734__34804__penicillin-procaine__100.png,penicillin-procaine,penicillin-procaine,0.9778634905815125
11701__32434__penicillin-procaine__100.png,penicillin-procaine,penicillin-procaine,0.9990643858909607
11646__34299__penicillin-procaine__100.png,penicillin-procaine,penicillin-procaine,0.999681830406189
11546__33780__penicillin-procaine__100.png,penicillin-procaine,penicillin-procaine,0.9935674071311951
11545__33769__penicillin-procaine__100.png,penicillin-procaine,penicillin-procaine,0.9999287128448486
11473__34825__penicillin-procaine__100.png,penicillin-procaine,penicillin-procaine,0.9996457099914551
11433__34838__penicillin-procaine__100.png,penicillin-procaine,penicillin-procaine,0.998066246509552
11432__34836__penicillin-procaine__100.png,penicillin-procaine,penicillin-procaine,0.9997326731681824
11308__30766__penicillin-procaine__100.png,penicillin-procaine,penicillin-procaine,0.9993663430213928
11217__30520__penicillin-procaine__100.png,penicillin-procaine,penicillin-procaine,0.9883334040641785
11044__36027__penicillin-procaine__100.png,penicillin-procaine,penicillin-procaine,0.9990645051002502
10957__34046__penicillin-procaine__100.png,penicillin-procaine,penicillin-procaine,0.9979299306869507
10866__34870__penicillin-procaine__100.png,penicillin-procaine,penicillin-procaine,0.9998860359191895
10854__30388__penicillin-procaine__100.png,penicillin-procaine,penicillin-procaine,0.9998037219047546
10850__34871__penicillin-procaine__100.png,penicillin-procaine,penicillin-procaine,0.8622540235519409
10745__33704__penicillin-procaine__100.png,penicillin-procaine,penicillin-procaine,0.9998996257781982
10640__31791__penicillin-procaine__100.png,penicillin-procaine,penicillin-procaine,0.6630615592002869
10463__30428__penicillin-procaine__100.png,penicillin-procaine,penicillin-procaine,0.9999581575393677
10452__30207__penicillin-procaine__100.png,penicillin-procaine,penicillin-procaine,0.9998061060905457
10432__30427__penicillin-procaine__100.png,penicillin-procaine,penicillin-procaine,0.9266142249107361
10381__35462__penicillin-procaine__100.png,penicillin-procaine,penicillin-procaine,0.9997736811637878
10341__32344__penicillin-procaine__100.png,penicillin-procaine,penicillin-procaine,0.9066052436828613
10338__32345__penicillin-procaine__100.png,penicillin-procaine,penicillin-procaine,0.9999088048934937
10211__30359__penicillin-procaine__100.png,penicillin-procaine,penicillin-procaine,0.9995666146278381
10205__30356__penicillin-procaine__100.png,penicillin-procaine,penicillin-procaine,0.9918388724327087
10062__35421__penicillin-procaine__100.png,penicillin-procaine,penicillin-procaine,0.9997009038925171
9997__33649__penicillin-procaine__100.png,penicillin-procaine,penicillin-procaine,0.9885233044624329
9979__33856__penicillin-procaine__100.png,penicillin-procaine,penicillin-procaine,0.996327817440033
9977__33827__penicillin-procaine__100.png,penicillin-procaine,penicillin-procaine,0.999920129776001
9973__32712__penicillin-procaine__100.png,penicillin-procaine,penicillin-procaine,0.9997287392616272
9880__33669__penicillin-procaine__100.png,penicillin-procaine,penicillin-procaine,0.9958143830299377
9870__35728__penicillin-procaine__100.png,penicillin-procaine,penicillin-procaine,0.9957183003425598
9867__35730__penicillin-procaine__100.png,penicillin-procaine,penicillin-procaine,0.9999208450317383
9825__35729__penicillin-procaine__100.png,penicillin-procaine,penicillin-procaine,0.9999140501022339
9668__34920__penicillin-procaine__100.png,penicillin-procaine,penicillin-procaine,0.6591030359268188
9617__33975__penicillin-procaine__100.png,penicillin-procaine,penicillin-procaine,0.9958629608154297
9548__32637__penicillin-procaine__100.png,penicillin-procaine,penicillin-procaine,0.992965579032898
9506__32670__penicillin-procaine__100.png,penicillin-procaine,penicillin-procaine,0.9996901750564575
9477__35894__penicillin-procaine__100.png,penicillin-procaine,penicillin-procaine,0.9989162683486938
9462__35895__penicillin-procaine__100.png,penicillin-procaine,penicillin-procaine,0.9996161460876465
12709__30076__quinine__100.png,quinine,quinine,0.9999403953552246
12708__29851__quinine__100.png,quinine,quinine,0.9943207502365112
12625__36289__quinine__100.png,quinine,quinine,0.9996435642242432
12601__35512__quinine__100.png,quinine,quinine,0.9999858140945435
12594__36333__quinine__100.png,quinine,quinine,0.999790370464325
12520__34008__quinine__100.png,quinine,quinine,0.9999699592590332
12510__34017__quinine__100.png,quinine,quinine,0.9999898672103882
12481__30567__quinine__100.png,quinine,quinine,0.9998341798782349
12474__31852__quinine__100.png,quinine,quinine,0.9999699592590332
12369__31914__quinine__100.png,quinine,quinine,0.999982476234436
12363__29836__quinine__100.png,quinine,quinine,0.9999620914459229
12321__31896__quinine__100.png,quinine,quinine,0.9994601607322693
12163__31749__quinine__100.png,quinine,quinine,0.9999673366546631
12112__30343__quinine__100.png,quinine,quinine,0.9999890327453613
12089__30339__quinine__100.png,quinine,quinine,0.9999532699584961
12028__35208__quinine__100.png,quinine,quinine,0.9999181032180786
11865__30252__quinine__100.png,quinine,quinine,0.9999814033508301
11786__32743__quinine__100.png,quinine,quinine,0.9999350309371948
11776__32826__quinine__100.png,quinine,quinine,0.9893552660942078
11766__32730__quinine__100.png,quinine,quinine,0.9999771118164062
11735__30019__quinine__100.png,quinine,quinine,0.999948263168335
11689__36311__quinine__100.png,quinine,quinine,0.999922513961792
11652__36310__quinine__100.png,quinine,quinine,0.9999864101409912
11599__32774__quinine__100.png,quinine,quinine,0.999885082244873
11462__32214__quinine__100.png,quinine,quinine,0.9999912977218628
11459__32190__quinine__100.png,quinine,quinine,0.9999885559082031
11456__32211__quinine__100.png,quinine,quinine,0.9998995065689087
11402__33817__quinine__100.png,quinine,quinine,0.999995231628418
11395__33749__quinine__100.png,quinine,quinine,0.995795726776123
11386__33751__quinine__100.png,quinine,quinine,0.9999876022338867
11296__34910__quinine__100.png,quinine,quinine,0.9995579123497009
11125__35442__quinine__100.png,quinine,quinine,0.9984038472175598
11102__35441__quinine__100.png,quinine,vitamin-c,0.7712398171424866
11086__33627__quinine__100.png,quinine,lactose,0.84645015001297
11022__36033__quinine__100.png,quinine,quinine,0.9999467134475708
10939__31610__quinine__100.png,quinine,quinine,0.9952090382575989
10933__35564__quinine__100.png,quinine,quinine,0.9999682903289795
10861__34989__quinine__100.png,quinine,quinine,0.9999663829803467
10812__32490__quinine__100.png,quinine,quinine,0.9999300241470337
10794__33688__quinine__100.png,quinine,quinine,0.9999938011169434
10713__36219__quinine__100.png,quinine,quinine,0.9999834299087524
10705__36239__quinine__100.png,quinine,quinine,0.999936580657959
10700__36233__quinine__100.png,quinine,quinine,0.9990649819374084
10554__30081__quinine__100.png,quinine,quinine,0.9541143774986267
10527__29405__quinine__100.png,quinine,quinine,0.9995458722114563
10521__29407__quinine__100.png,quinine,quinine,0.9999618530273438
10441__32107__quinine__100.png,quinine,quinine,0.9999525547027588
10404__35476__quinine__100.png,quinine,quinine,0.9999939203262329
10294__34573__quinine__100.png,quinine,quinine,0.9999899864196777
10293__34571__quinine__100.png,quinine,quinine,0.9999966621398926
10228__30393__quinine__100.png,quinine,quinine,0.9999510049819946
10133__29404__quinine__100.png,quinine,quinine,0.9992411136627197
10079__34686__quinine__100.png,quinine,quinine,0.9999761581420898
10022__32000__quinine__100.png,quinine,quinine,0.9991408586502075
9921__33610__quinine__100.png,quinine,quinine,0.9996767044067383
9756__35393__quinine__100.png,quinine,quinine,0.9999780654907227
9733__35386__quinine__100.png,quinine,quinine,0.9999788999557495
9591__33887__quinine__100.png,quinine,quinine,0.9999281167984009
9565__33888__quinine__100.png,quinine,quinine,0.9999523162841797
9538__30776__quinine__100.png,quinine,quinine,0.9999134540557861
12711__30013__starch__100.png,starch,starch,0.9989820122718811
12652__35884__starch__100.png,starch,starch,0.6565201878547668
12381__32041__starch__100.png,starch,starch,0.9797771573066711
12292__32069__starch__100.png,starch,starch,0.9990015625953674
12283__30794__starch__100.png,starch,starch,0.9956644177436829
12259__32027__starch__100.png,starch,starch,0.9972186088562012
12212__31717__starch__100.png,starch,starch,0.9964138865470886
11978__35923__starch__100.png,starch,starch,0.9984839558601379
11956__30413__starch__100.png,starch,starch,0.9991546869277954
11947__30512__starch__100.png,starch,starch,0.9985197186470032
11688__35115__starch__100.png,starch,starch,0.9951047897338867
11667__34289__starch__100.png,starch,starch,0.9452021718025208
11660__34302__starch__100.png,starch,starch,0.9790945649147034
11659__35112__starch__100.png,starch,paracetamol-starch,0.8193232417106628
11575__33735__starch__100.png,starch,starch,0.9996246099472046
11531__34725__starch__100.png,starch,starch,0.974168062210083
11497__34639__starch__100.png,starch,starch,0.8850233554840088
11434__34824__starch__100.png,starch,starch,0.9848641753196716
11426__34846__starch__100.png,starch,starch,0.9991342425346375
11200__30093__starch__100.png,starch,starch,0.9922298789024353
11136__35454__starch__100.png,starch,starch,0.9878566265106201
10828__32495__starch__100.png,starch,paracetamol-starch,0.9068674445152283
10772__35073__starch__100.png,starch,starch,0.5564966797828674
10709__32264__starch__100.png,starch,starch,0.9966676831245422
10646__32902__starch__100.png,starch,starch,0.5225636959075928
10529__35313__starch__100.png,starch,starch,0.9819497466087341
10501__35381__starch__100.png,starch,starch,0.999457061290741
10438__30202__starch__100.png,starch,starch,0.998629093170166
10334__30308__starch__100.png,starch,starch,0.9516200423240662
10320__32813__starch__100.png,starch,starch,0.9932417273521423
10305__35470__starch__100.png,starch,starch,0.9966962337493896
10174__34022__starch__100.png,starch,starch,0.9998422861099243
10171__34027__starch__100.png,starch,starch,0.9998045563697815
10131__31664__starch__100.png,starch,starch,0.9745868444442749
10130__29685__starch__100.png,starch,starch,0.9987647533416748
10081__34647__starch__100.png,starch,starch,0.9498603343963623
9988__32033__starch__100.png,starch,starch,0.9864423274993896
9947__33845__starch__100.png,starch,starch,0.9895666837692261
9924__34715__starch__100.png,starch,starch,0.999579131603241
9881__33604__starch__100.png,starch,starch,0.9781363606452942
9749__35330__starch__100.png,starch,starch,0.9886751174926758
9717__35392__starch__100.png,starch,starch,0.9996011853218079
9577__33892__starch__100.png,starch,starch,0.952193021774292
12717__31944__vitamin-c__100.png,vitamin-c,vitamin-c,0.9999833106994629
12703__31733__vitamin-c__100.png,vitamin-c,vitamin-c,0.9999680519104004
12700__30058__vitamin-c__100.png,vitamin-c,vitamin-c,0.9997197985649109
12693__28818__vitamin-c__100.png,vitamin-c,vitamin-c,0.9997913241386414
12664__29988__vitamin-c__100.png,vitamin-c,vitamin-c,0.9993725419044495
12644__30129__vitamin-c__100.png,vitamin-c,vitamin-c,0.9999650716781616
12495__29926__vitamin-c__100.png,vitamin-c,vitamin-c,0.9999277591705322
12490__35511__vitamin-c__100.png,vitamin-c,vitamin-c,0.9997690320014954
12432__34173__vitamin-c__100.png,vitamin-c,vitamin-c,0.9997856020927429
12412__34172__vitamin-c__100.png,vitamin-c,vitamin-c,0.9999086856842041
12396__30285__vitamin-c__100.png,vitamin-c,vitamin-c,0.9991974234580994
12378__35292__vitamin-c__100.png,vitamin-c,vitamin-c,0.9998729228973389
12362__32045__vitamin-c__100.png,vitamin-c,vitamin-c,0.9998949766159058
12337__32044__vitamin-c__100.png,vitamin-c,vitamin-c,0.9999573230743408
12314__31937__vitamin-c__100.png,vitamin-c,vitamin-c,0.9990476965904236
12310__31938__vitamin-c__100.png,vitamin-c,vitamin-c,0.9950990080833435
12303__31669__vitamin-c__100.png,vitamin-c,vitamin-c,0.9999498128890991
12250__34326__vitamin-c__100.png,vitamin-c,vitamin-c,0.9999330043792725
12222__35358__vitamin-c__100.png,vitamin-c,vitamin-c,0.9954999089241028
12208__31719__vitamin-c__100.png,vitamin-c,vitamin-c,0.9997308850288391
12204__31685__vitamin-c__100.png,vitamin-c,vitamin-c,0.999562680721283
12169__31750__vitamin-c__100.png,vitamin-c,vitamin-c,0.999915599822998
12132__34132__vitamin-c__100.png,vitamin-c,vitamin-c,0.999263346195221
12091__35813__vitamin-c__100.png,vitamin-c,vitamin-c,0.9990575909614563
12051__35205__vitamin-c__100.png,vitamin-c,vitamin-c,0.9968915581703186
12039__35200__vitamin-c__100.png,vitamin-c,vitamin-c,0.9356417059898376
12008__34349__vitamin-c__100.png,vitamin-c,vitamin-c,0.9997513890266418
12000__30420__vitamin-c__100.png,vitamin-c,vitamin-c,0.9997430443763733
11998__30418__vitamin-c__100.png,vitamin-c,vitamin-c,0.9998049139976501
11979__35932__vitamin-c__100.png,vitamin-c,vitamin-c,0.9999829530715942
11913__32792__vitamin-c__100.png,vitamin-c,vitamin-c,0.9991907477378845
11880__30242__vitamin-c__100.png,vitamin-c,vitamin-c,0.9999686479568481
11875__30251__vitamin-c__100.png,vitamin-c,vitamin-c,0.999777615070343
11871__30254__vitamin-c__100.png,vitamin-c,vitamin-c,0.9990025162696838
11843__36268__vitamin-c__100.png,vitamin-c,vitamin-c,0.9996180534362793
11820__32332__vitamin-c__100.png,vitamin-c,vitamin-c,0.9986022114753723
11793__32757__vitamin-c__100.png,vitamin-c,vitamin-c,0.9992097616195679
11747__32828__vitamin-c__100.png,vitamin-c,vitamin-c,0.9995383024215698
11719__34930__vitamin-c__100.png,vitamin-c,vitamin-c,0.997317373752594
11678__34264__vitamin-c__100.png,vitamin-c,vitamin-c,0.9999704360961914
11636__32273__vitamin-c__100.png,vitamin-c,vitamin-c,0.9995012283325195
11626__32277__vitamin-c__100.png,vitamin-c,vitamin-c,0.9999796152114868
11607__32275__vitamin-c__100.png,vitamin-c,vitamin-c,0.9999645948410034
11574__34949__vitamin-c__100.png,vitamin-c,vitamin-c,0.9997453093528748
11551__33771__vitamin-c__100.png,vitamin-c,vitamin-c,0.9999338388442993
11523__32122__vitamin-c__100.png,vitamin-c,vitamin-c,0.9998375177383423
11519__32101__vitamin-c__100.png,vitamin-c,vitamin-c,0.9999265670776367
11500__34758__vitamin-c__100.png,vitamin-c,vitamin-c,0.9999508857727051
11494__34752__vitamin-c__100.png,vitamin-c,vitamin-c,0.9999122619628906
11481__34726__vitamin-c__100.png,vitamin-c,vitamin-c,0.9999899864196777
11449__34844__vitamin-c__100.png,vitamin-c,vitamin-c,0.9993709921836853
11443__32192__vitamin-c__100.png,vitamin-c,vitamin-c,0.9999550580978394
11393__33806__vitamin-c__100.png,vitamin-c,vitamin-c,0.9996839761734009
11374__33934__vitamin-c__100.png,vitamin-c,vitamin-c,0.9994786381721497
11363__30753__vitamin-c__100.png,vitamin-c,vitamin-c,0.9956862926483154
11274__34860__vitamin-c__100.png,vitamin-c,vitamin-c,0.9868718385696411
11270__34539__vitamin-c__100.png,vitamin-c,vitamin-c,0.9994658827781677
11186__34587__vitamin-c__100.png,vitamin-c,vitamin-c,0.9973770380020142
11045__36002__vitamin-c__100.png,vitamin-c,vitamin-c,0.9999722242355347
11003__35170__vitamin-c__100.png,vitamin-c,vitamin-c,0.999942421913147
10998__35141__vitamin-c__100.png,vitamin-c,vitamin-c,0.9999370574951172
10984__35139__vitamin-c__100.png,vitamin-c,vitamin-c,0.999859094619751
10929__33666__vitamin-c__100.png,vitamin-c,vitamin-c,0.999951958656311
10716__29789__vitamin-c__100.png,vitamin-c,vitamin-c,0.9999889135360718
10708__36203__vitamin-c__100.png,vitamin-c,vitamin-c,0.9999358654022217
10701__36226__vitamin-c__100.png,vitamin-c,vitamin-c,0.9999251365661621
10682__29406__vitamin-c__100.png,vitamin-c,vitamin-c,0.9993444085121155
10664__32892__vitamin-c__100.png,vitamin-c,vitamin-c,0.9861796498298645
10649__30568__vitamin-c__100.png,vitamin-c,vitamin-c,0.9999592304229736
10647__30531__vitamin-c__100.png,vitamin-c,vitamin-c,0.9990942478179932
10644__32895__vitamin-c__100.png,vitamin-c,vitamin-c,0.9989495873451233
10637__32901__vitamin-c__100.png,vitamin-c,vitamin-c,0.9965967535972595
10628__30590__vitamin-c__100.png,vitamin-c,vitamin-c,0.9999223947525024
10626__31866__vitamin-c__100.png,vitamin-c,vitamin-c,0.9999651908874512
10587__30577__vitamin-c__100.png,vitamin-c,vitamin-c,0.999976396560669
10484__35127__vitamin-c__100.png,vitamin-c,vitamin-c,0.99989914894104
10478__34270__vitamin-c__100.png,vitamin-c,vitamin-c,0.9999574422836304
10476__35126__vitamin-c__100.png,vitamin-c,vitamin-c,0.9995735287666321
10464__30431__vitamin-c__100.png,vitamin-c,vitamin-c,0.9959861636161804
10445__32104__vitamin-c__100.png,vitamin-c,vitamin-c,0.9932789206504822
10390__32685__vitamin-c__100.png,vitamin-c,vitamin-c,0.9999428987503052
10335__32257__vitamin-c__100.png,vitamin-c,vitamin-c,0.9993075132369995
10298__35471__vitamin-c__100.png,vitamin-c,vitamin-c,0.9999833106994629
10295__34563__vitamin-c__100.png,vitamin-c,vitamin-c,0.9999657869338989
10281__34560__vitamin-c__100.png,vitamin-c,vitamin-c,0.9988190531730652
10277__34569__vitamin-c__100.png,vitamin-c,vitamin-c,0.9998407363891602
10265__35784__vitamin-c__100.png,vitamin-c,vitamin-c,0.9993900060653687
10260__34623__vitamin-c__100.png,vitamin-c,vitamin-c,0.9998350143432617
10248__30411__vitamin-c__100.png,vitamin-c,vitamin-c,0.9999338388442993
10229__32084__vitamin-c__100.png,vitamin-c,vitamin-c,0.9998588562011719
10183__34024__vitamin-c__100.png,vitamin-c,vitamin-c,0.9998013377189636
10182__34025__vitamin-c__100.png,vitamin-c,vitamin-c,0.9997331500053406
10177__34026__vitamin-c__100.png,vitamin-c,vitamin-c,0.9998074173927307
10170__34019__vitamin-c__100.png,vitamin-c,vitamin-c,0.9997772574424744
10158__35053__vitamin-c__100.png,vitamin-c,vitamin-c,0.9985640645027161
10147__31630__vitamin-c__100.png,vitamin-c,vitamin-c,0.9994155168533325
10126__31666__vitamin-c__100.png,vitamin-c,vitamin-c,0.9999035596847534
10041__35336__vitamin-c__100.png,vitamin-c,vitamin-c,0.9998249411582947
10031__33659__vitamin-c__100.png,vitamin-c,vitamin-c,0.9995974898338318
10028__33672__vitamin-c__100.png,vitamin-c,vitamin-c,0.9982228875160217
9993__33661__vitamin-c__100.png,vitamin-c,vitamin-c,0.9982393980026245
9978__32880__vitamin-c__100.png,vitamin-c,vitamin-c,0.9996894598007202
9963__32882__vitamin-c__100.png,vitamin-c,vitamin-c,0.9991826415061951
9955__32713__vitamin-c__100.png,vitamin-c,vitamin-c,0.9993731379508972
9941__32714__vitamin-c__100.png,vitamin-c,vitamin-c,0.9979239702224731
9939__32480__vitamin-c__100.png,vitamin-c,vitamin-c,0.9992049336433411
9900__33619__vitamin-c__100.png,vitamin-c,vitamin-c,0.9999644756317139
9888__34690__vitamin-c__100.png,vitamin-c,vitamin-c,0.9997773766517639
9847__34284__vitamin-c__100.png,vitamin-c,vitamin-c,0.9987258315086365
9776__34760__vitamin-c__100.png,vitamin-c,vitamin-c,0.9966033697128296
9751__34379__vitamin-c__100.png,vitamin-c,vitamin-c,0.9999104738235474
9723__35408__vitamin-c__100.png,vitamin-c,vitamin-c,0.993823766708374
9715__35164__vitamin-c__100.png,vitamin-c,vitamin-c,0.9994571805000305
9696__34082__vitamin-c__100.png,vitamin-c,vitamin-c,0.999927282333374
9691__34940__vitamin-c__100.png,vitamin-c,vitamin-c,0.9998509883880615
9685__34089__vitamin-c__100.png,vitamin-c,vitamin-c,0.995776891708374
9630__30606__vitamin-c__100.png,vitamin-c,vitamin-c,0.9999791383743286
9629__30607__vitamin-c__100.png,vitamin-c,vitamin-c,0.999836802482605
9588__29682__vitamin-c__100.png,vitamin-c,vitamin-c,0.9998428821563721
9580__29681__vitamin-c__100.png,vitamin-c,vitamin-c,0.9996590614318848
9573__32516__vitamin-c__100.png,vitamin-c,vitamin-c,0.999916672706604
9557__33886__vitamin-c__100.png,vitamin-c,vitamin-c,0.9997257590293884
9551__30790__vitamin-c__100.png,vitamin-c,vitamin-c,0.9997901320457458
9535__30777__vitamin-c__100.png,vitamin-c,vitamin-c,0.9998058676719666
9488__33879__vitamin-c__100.png,vitamin-c,vitamin-c,0.9996814727783203
9476__33877__vitamin-c__100.png,vitamin-c,vitamin-c,0.9997382760047913
9452__35428__vitamin-c__100.png,vitamin-c,vitamin-c,0.9978229999542236
